id,title,intro,poster,pubdate,url,rating,genres,star,comment,tags,star_time,card
35063924,美国恐怖故事集 第一季,,https://dou.img.lithub.cc/movie/35063924.jpg,2021-07-15(美国),https://movie.douban.com/subject/35063924/,6.4,"剧情,惊悚,恐怖",4,,,2023-11-12 02:02:07,2021 / 美国 / 剧情 惊悚 恐怖 / 洛尼·佩里斯特里 / 迪伦·伯恩赛德 尼科·格莱瑟姆
7051830,佩小姐的奇幻城堡,,https://dou.img.lithub.cc/movie/7051830.jpg,2016-12-02(中国大陆),https://movie.douban.com/subject/7051830/,7.2,"剧情,奇幻,冒险",3,,,2023-11-06 16:15:55,2016 / 美国 / 剧情 奇幻 冒险 / 蒂姆·波顿 / 阿萨·巴特菲尔德 伊娃·格林
36283000,进击的巨人 最终季 完结篇 后篇,,https://dou.img.lithub.cc/movie/36283000.jpg,2023-11-04(日本),https://movie.douban.com/subject/36283000/,9.3,"动作,动画,奇幻",5,,,2023-11-06 15:31:25,2023 / 日本 / 动作 动画 奇幻 / 林祐一郎 / 梶裕贵 石川由依
27063402,黑色五叶草,,https://dou.img.lithub.cc/movie/27063402.jpg,2017-10-03(日本),https://movie.douban.com/subject/27063402/,8,"动画,奇幻,冒险",5,,,2023-10-27 16:49:16,2017 / 日本 / 动画 奇幻 冒险 / 吉原达矢 种村绫隆 浅见松雄 津田义三 清水明 秦义人 荻原露光 粟井重纪 小野田雄亮 佐土原武之 千叶大辅 榎田敬宏 丝贺慎太郎 岩泽亨 / 梶原岳人 岛崎信长
35418630,黑色五叶草 剧场版 魔法帝之剑,,https://dou.img.lithub.cc/movie/35418630.jpg,2023-06-16(日本网络),https://movie.douban.com/subject/35418630/,7.4,"动作,科幻,动画",3,,,2023-10-27 16:49:06,2023 / 日本 / 动作 科幻 动画 奇幻 冒险 / 种村绫隆 / 梶原岳人 岛崎信长
35524352,蓝色监狱,,https://dou.img.lithub.cc/movie/35524352.jpg,2022-10-08(日本),https://movie.douban.com/subject/35524352/,8.2,"动画,运动",5,,,2023-10-27 16:48:44,2022 / 日本 / 动画 运动 / 渡边彻明 石川俊介 横山和基 仓富康平 山崎隆 室谷靖 鸟羽聪 木村宽 美甘义人 川濑正雄 石黑达也 榎田敬宏 小野田雄亮 井之川慎太郎 / 浦和希 海渡翼
36395330,美国恐怖故事集 第三季,,https://dou.img.lithub.cc/movie/36395330.jpg,2023-10-26(美国),https://movie.douban.com/subject/36395330/,7.1,"剧情,悬疑,惊悚",4,,,2023-10-27 15:31:31,2023 / 美国 / 剧情 悬疑 惊悚 恐怖 / 麦克思·温克勒 艾利根斯·布拉顿 亚历克西斯·马丁·伍达尔 / 杰西卡·巴登 格温妮斯·帕特洛
36139983,暴食的巴萨卡,,https://dou.img.lithub.cc/movie/36139983.jpg,2023-10-01(日本网络),https://movie.douban.com/subject/36139983/,5.2,动画,4,,,2023-10-18 11:53:56,2023 / 日本 / 动画 / 柳泽哲也 / 逢坂良太 Ryota Ohsaka 关智一 Tomokazu Seki
25921812,驴得水,,https://dou.img.lithub.cc/movie/25921812.jpg,2016-10-28(中国大陆),https://movie.douban.com/subject/25921812/,8.3,"剧情,喜剧",4,,,2023-10-05 16:42:40,2016 / 中国大陆 / 剧情 喜剧 / 周申 刘露 / 任素汐 大力
26387939,摔跤吧！爸爸,,https://dou.img.lithub.cc/movie/26387939.jpg,2017-05-05(中国大陆),https://movie.douban.com/subject/26387939/,9,"剧情,家庭,传记",5,,,2023-10-04 10:24:24,2016 / 印度 / 剧情 家庭 传记 运动 / 涅提·蒂瓦里 / 阿米尔·汗 法缇玛·萨那·纱卡
10604086,封神第一部：朝歌风云,,https://dou.img.lithub.cc/movie/10604086.jpg,2023-07-20(中国大陆),https://movie.douban.com/subject/10604086/,7.8,"动作,战争,奇幻",3,,,2023-10-04 05:12:22,2023 / 中国大陆 / 动作 战争 奇幻 古装 / 乌尔善 / 费翔 李雪健
1860453,海贼王剧场版7：机关城的机械巨兵,,https://dou.img.lithub.cc/movie/1860453.jpg,2006-03-04,https://movie.douban.com/subject/1860453/,7.8,"喜剧,动作,科幻",,,,2023-09-02 11:51:40,2006 / 日本 / 喜剧 动作 科幻 动画 奇幻 / 宇田钢之助 / 田中真弓 冈村明美
1978369,我的机器人女友,,https://dou.img.lithub.cc/movie/1978369.jpg,2009-07-28(中国大陆),https://movie.douban.com/subject/1978369/,7.6,"喜剧,动作,爱情",,,,2023-09-02 11:51:04,2008 / 日本 / 喜剧 动作 爱情 科幻 / 郭在容 / 绫濑遥 小出惠介
5319835,101次求婚,,https://dou.img.lithub.cc/movie/5319835.jpg,2013-02-12(中国大陆),https://movie.douban.com/subject/5319835/,5.7,爱情,,,,2023-09-02 11:50:56,2013 / 中国大陆 中国台湾 日本 / 爱情 / 陈正道 / 黄渤 林志玲
19975104,SPEC：结 前篇,,https://dou.img.lithub.cc/movie/19975104.jpg,2013-11-01(日本),https://movie.douban.com/subject/19975104/,6.7,剧情,,,,2023-09-02 11:49:52,2013 / 日本 / 剧情 / 堤幸彦 / 户田惠梨香 加濑亮
4822848,武林外传,,https://dou.img.lithub.cc/movie/4822848.jpg,2011-01-26(中国大陆),https://movie.douban.com/subject/4822848/,6.5,"喜剧,动作,古装",,,,2023-09-02 11:48:10,2011 / 中国大陆 / 喜剧 动作 古装 / 尚敬 / 闫妮 姚晨
1302654,奇门遁甲,,https://dou.img.lithub.cc/movie/1302654.jpg,1982-07-23,https://movie.douban.com/subject/1302654/,8.2,"喜剧,动作,奇幻",,,,2023-09-02 11:47:55,1982 / 中国香港 / 喜剧 动作 奇幻 古装 / 袁和平 / 袁日初 梁家仁
26606743,嫌疑人X的献身,,https://dou.img.lithub.cc/movie/26606743.jpg,2017-03-31(中国大陆),https://movie.douban.com/subject/26606743/,6.3,"剧情,悬疑,犯罪",,,,2023-09-02 11:47:18,2017 / 中国大陆 / 剧情 悬疑 犯罪 / 苏有朋 / 王凯 张鲁一
34884165,半泽直树年纪念 第0章～被瞄准的半泽直树的密码～,,https://dou.img.lithub.cc/movie/34884165.jpg,2020-01-03(日本),https://movie.douban.com/subject/34884165/,6.4,剧情,,,,2023-09-02 11:46:27,2020 / 日本 / 剧情 / 松木彩 / 吉泽亮 今田美樱
24721493,小时代2：青木时代,,https://dou.img.lithub.cc/movie/24721493.jpg,2013-08-08(中国大陆),https://movie.douban.com/subject/24721493/,5.1,"剧情,喜剧,爱情",,,,2023-09-02 11:45:40,2013 / 中国大陆 中国台湾 / 剧情 喜剧 爱情 / 郭敬明 / 杨幂 柯震东
1482102,咒怨2(美版),,https://dou.img.lithub.cc/movie/1482102.jpg,2006-10-12,https://movie.douban.com/subject/1482102/,6.4,"悬疑,恐怖",,,,2023-09-02 11:43:25,2006 / 美国 / 悬疑 恐怖 / 清水崇 / 莎拉·米歇尔·盖拉 爱波·塔布琳
30329892,航海王：狂热行动,,https://dou.img.lithub.cc/movie/30329892.jpg,2019-10-18(中国大陆),https://movie.douban.com/subject/30329892/,7.5,"动画,冒险",,,,2023-09-02 11:43:02,2019 / 日本 / 动画 冒险 / 大塚隆史 / 田中真弓 冈村明美
1464449,穿越时空的思念,,https://dou.img.lithub.cc/movie/1464449.jpg,2001-12-15(日本),https://movie.douban.com/subject/1464449/,8.5,"动作,爱情,动画",,,,2023-09-02 11:41:13,2001 / 日本 / 动作 爱情 动画 冒险 / 筱原俊哉 / 山口胜平 雪野五月
3012377,神兵小将,,https://dou.img.lithub.cc/movie/3012377.jpg,2009-10-01(中国大陆),https://movie.douban.com/subject/3012377/,8.9,"动画,奇幻",,,,2023-09-02 11:39:32,2009 / 中国大陆 / 动画 奇幻 / 黄玉郎 方锦历 乔彧 / 杨青倩 谢楠
3711760,倩女幽魂,,https://dou.img.lithub.cc/movie/3711760.jpg,2011-04-19(中国大陆),https://movie.douban.com/subject/3711760/,5.5,"剧情,惊悚,奇幻",,,,2023-09-02 11:39:00,2011 / 中国大陆 中国香港 / 剧情 惊悚 奇幻 古装 / 叶伟信 / 刘亦菲 古天乐
1298603,望夫成龙,,https://dou.img.lithub.cc/movie/1298603.jpg,1990-02-15(中国香港),https://movie.douban.com/subject/1298603/,7.5,"喜剧,爱情",,,,2023-09-02 11:38:35,1990 / 中国香港 / 喜剧 爱情 / 梁家树 / 周星驰 吴君如
2085498,海贼王剧场版8：沙漠公主与海盗们,,https://dou.img.lithub.cc/movie/2085498.jpg,2007-03-03,https://movie.douban.com/subject/2085498/,8.2,"剧情,喜剧,动作",,,,2023-09-02 11:02:04,2007 / 日本 / 剧情 喜剧 动作 动画 冒险 / 今村隆宽 / 田中真弓 冈村明美
3017508,海贼王剧场版9：冬季绽放的奇迹之樱,,https://dou.img.lithub.cc/movie/3017508.jpg,2008-03-01,https://movie.douban.com/subject/3017508/,8.7,"剧情,喜剧,动作",,,,2023-09-02 11:02:00,2008 / 日本 / 剧情 喜剧 动作 动画 奇幻 / 志水淳儿 / 田中真弓 大谷育江
1306712,开心鬼撞鬼,,https://dou.img.lithub.cc/movie/1306712.jpg,1986-07-03(中国香港),https://movie.douban.com/subject/1306712/,7.5,"喜剧,奇幻",,,,2023-09-02 11:01:54,1986 / 中国香港 / 喜剧 奇幻 / 杜琪峰 / 黄百鸣 张曼玉
1299282,精装追女仔,,https://dou.img.lithub.cc/movie/1299282.jpg,1987-06-25,https://movie.douban.com/subject/1299282/,6.8,"喜剧,爱情",,,,2023-09-02 11:01:53,1987 / 中国香港 / 喜剧 爱情 / 王晶 / 周润发 张曼玉
1305211,逃学外传,,https://dou.img.lithub.cc/movie/1305211.jpg,1992-10-01(中国香港),https://movie.douban.com/subject/1305211/,6.9,"剧情,喜剧",,,,2023-09-02 11:01:49,1992 / 中国香港 中国台湾 / 剧情 喜剧 / 朱延平 / 张卫健 林志颖
1300064,家有喜事,,https://dou.img.lithub.cc/movie/1300064.jpg,1992-01-25(中国香港),https://movie.douban.com/subject/1300064/,8.5,"剧情,喜剧,爱情",,,,2023-09-02 11:01:37,1992 / 中国香港 / 剧情 喜剧 爱情 家庭 / 高志森 / 张国荣 周星驰
2252594,海贼王剧场版3：珍兽岛的乔巴王国,,https://dou.img.lithub.cc/movie/2252594.jpg,2002-03-02(日本),https://movie.douban.com/subject/2252594/,7.8,"喜剧,动作,动画",,,,2023-09-02 11:01:20,2002 / 日本 / 喜剧 动作 动画 奇幻 冒险 / Atsuji Shimizu / 田中真弓 冈村明美
11598977,叶问3,,https://dou.img.lithub.cc/movie/11598977.jpg,2016-03-04(中国大陆),https://movie.douban.com/subject/11598977/,6.7,"剧情,动作,传记",,,,2023-09-02 10:58:38,2015 / 中国大陆 中国香港 / 剧情 动作 传记 历史 / 叶伟信 / 甄子丹 迈克·泰森
3578981,叶问2：宗师传奇,,https://dou.img.lithub.cc/movie/3578981.jpg,2010-04-27(中国大陆),https://movie.douban.com/subject/3578981/,7.4,"动作,传记,历史",,,,2023-09-02 10:58:36,2010 / 中国大陆 中国香港 / 动作 传记 历史 / 叶伟信 / 甄子丹 洪金宝
1759975,开心鬼上错身,,https://dou.img.lithub.cc/movie/1759975.jpg,1991-08-08(中国香港),https://movie.douban.com/subject/1759975/,7.1,"喜剧,奇幻",,,,2023-09-02 10:58:33,1991 / 中国香港 / 喜剧 奇幻 / 黄百鸣 陈奥图 / 黄百鸣 谷德昭
3338862,终结者：创世纪,,https://dou.img.lithub.cc/movie/3338862.jpg,2015-08-23(中国大陆),https://movie.douban.com/subject/3338862/,6.9,"动作,科幻,冒险",,,,2023-09-02 10:57:27,2015 / 美国 / 动作 科幻 冒险 / 阿兰·泰勒 / 阿诺·施瓦辛格 杰森·克拉克
1578510,小飞侠,,https://dou.img.lithub.cc/movie/1578510.jpg,1995-03-25(中国香港),https://movie.douban.com/subject/1578510/,6.9,喜剧,,,,2023-09-02 10:57:23,1995 / 中国香港 / 喜剧 / 林伟伦 / 谢苗 吴孟达
1307371,开心鬼,,https://dou.img.lithub.cc/movie/1307371.jpg,1984-07-14(中国香港),https://movie.douban.com/subject/1307371/,7.6,"喜剧,家庭,奇幻",,,,2023-09-02 10:57:21,1984 / 中国香港 / 喜剧 家庭 奇幻 / 高志森 / 黄百鸣 罗明珠
1304603,小飞象,,https://dou.img.lithub.cc/movie/1304603.jpg,1941-10-31(美国),https://movie.douban.com/subject/1304603/,8.4,"动画,歌舞,奇幻",,,,2023-09-02 10:56:45,1941 / 美国 / 动画 歌舞 奇幻 / 宾·沙普斯坦 塞缪尔·阿姆斯特朗 诺曼·弗格森 威尔弗雷德·杰克逊 杰克·金尼 比尔·罗伯茨 John Elliotte / 詹姆斯·巴斯凯特 赫尔曼·宾 
1408315,霸王花,,https://dou.img.lithub.cc/movie/1408315.jpg,1988-06-03(中国香港),https://movie.douban.com/subject/1408315/,6.9,动作,,,,2023-09-02 10:56:40,1988 / 中国香港 / 动作 / 钱升玮 / 胡慧中 惠英红
1293658,奇谋妙计五福星,,https://dou.img.lithub.cc/movie/1293658.jpg,1983-07-07,https://movie.douban.com/subject/1293658/,7.9,"喜剧,动作,犯罪",,,,2023-09-02 10:56:37,1983 / 中国香港 / 喜剧 动作 犯罪 / 洪金宝 / 洪金宝 吴耀汉
1853176,斯巴达300勇士,,https://dou.img.lithub.cc/movie/1853176.jpg,2006-12-09(BNAT电影节),https://movie.douban.com/subject/1853176/,7.9,"动作,历史,战争",,,,2023-09-02 10:56:10,2006 / 美国 / 动作 历史 战争 / 扎克·施奈德 / 杰拉德·巴特勒 琳娜·海蒂
1305662,最佳拍档3：女皇密令,,https://dou.img.lithub.cc/movie/1305662.jpg,1984-01-26,https://movie.douban.com/subject/1305662/,7.3,"喜剧,动作",,,,2023-09-02 10:55:34,1984 / 中国香港 / 喜剧 动作 / 徐克 / 许冠杰 麦嘉
1306011,最佳拍档,,https://dou.img.lithub.cc/movie/1306011.jpg,1982-01-16(中国香港),https://movie.douban.com/subject/1306011/,7.7,"喜剧,动作",,,,2023-09-02 10:55:32,1982 / 中国香港 / 喜剧 动作 / 曾志伟 / 许冠杰 麦嘉
1307582,最佳拍档2：大显神通,,https://dou.img.lithub.cc/movie/1307582.jpg,1983-02-05,https://movie.douban.com/subject/1307582/,7.6,"喜剧,动作",,,,2023-09-02 10:55:04,1983 / 中国香港 / 喜剧 动作 / 曾志伟 / 许冠杰 麦嘉
1400673,漫画威龙,,https://dou.img.lithub.cc/movie/1400673.jpg,1992-01-01,https://movie.douban.com/subject/1400673/,7.2,"喜剧,动作",,,,2023-09-02 10:54:58,1992 / 中国香港 / 喜剧 动作 / 左颂升 元奎 / 周星驰 萧芳芳
1293732,福星高照,,https://dou.img.lithub.cc/movie/1293732.jpg,1985-02-10,https://movie.douban.com/subject/1293732/,7.5,"喜剧,动作",,,,2023-09-02 10:54:46,1985 / 中国香港 / 喜剧 动作 / 洪金宝 / 洪金宝 成龙
3041806,叶问,,https://dou.img.lithub.cc/movie/3041806.jpg,2008-12-12(中国大陆),https://movie.douban.com/subject/3041806/,7.8,"剧情,动作,传记",,,,2023-09-02 10:54:29,2008 / 中国香港 中国大陆 / 剧情 动作 传记 历史 / 叶伟信 / 甄子丹 任达华
1304132,无敌反斗星,,https://dou.img.lithub.cc/movie/1304132.jpg,1995-07-20(中国香港),https://movie.douban.com/subject/1304132/,7.7,"喜剧,动作,奇幻",,,,2023-09-02 10:54:25,1995 / 中国台湾 中国香港 / 喜剧 动作 奇幻 冒险 / 朱延平 / 郝劭文 释小龙
1294350,最佳拍档4：千里救差婆,,https://dou.img.lithub.cc/movie/1294350.jpg,1986-01-30,https://movie.douban.com/subject/1294350/,7.1,"喜剧,动作",,,,2023-09-02 10:54:23,1986 / 中国香港 / 喜剧 动作 / 林岭东 / 许冠杰 麦嘉
1419904,龙在少林,,https://dou.img.lithub.cc/movie/1419904.jpg,1996-03-14(中国香港),https://movie.douban.com/subject/1419904/,6.9,"喜剧,动作,儿童",,,,2023-09-02 10:53:47,1996 / 中国香港 中国台湾 / 喜剧 动作 儿童 / 朱延平 / 释小龙 元彪
1307747,情圣,,https://dou.img.lithub.cc/movie/1307747.jpg,1991-10-10(中国香港),https://movie.douban.com/subject/1307747/,7.6,喜剧,,,,2023-09-02 10:53:44,1991 / 中国香港 / 喜剧 / 李力持 / 周星驰 毛舜筠
1441602,霍元甲,,https://dou.img.lithub.cc/movie/1441602.jpg,2006-01-25(中国大陆),https://movie.douban.com/subject/1441602/,7.1,"剧情,动作,传记",,,,2023-09-02 10:53:42,2006 / 美国 中国大陆 中国香港 / 剧情 动作 传记 / 于仁泰 / 李连杰 董勇
1305355,审死官,,https://dou.img.lithub.cc/movie/1305355.jpg,1992-07-02(中国香港),https://movie.douban.com/subject/1305355/,7.9,"喜剧,古装",,,,2023-09-02 10:53:34,1992 / 中国香港 / 喜剧 古装 / 杜琪峰 / 周星驰 梅艳芳
1307319,醉拳2,,https://dou.img.lithub.cc/movie/1307319.jpg,1994-02-03(中国香港),https://movie.douban.com/subject/1307319/,8,"喜剧,动作",,,,2023-09-02 10:52:46,1994 / 中国香港 / 喜剧 动作 / 刘家良 / 成龙 梅艳芳
1308771,猫女,,https://dou.img.lithub.cc/movie/1308771.jpg,2004-07-23(美国),https://movie.douban.com/subject/1308771/,5.9,"动作,犯罪,奇幻",,,,2023-09-02 10:52:44,2004 / 美国 澳大利亚 / 动作 犯罪 奇幻 / 皮托夫 / 哈莉·贝瑞 本杰明·布拉特
1304677,千王之王2000,,https://dou.img.lithub.cc/movie/1304677.jpg,1999-08-05(中国香港),https://movie.douban.com/subject/1304677/,7,喜剧,,,,2023-09-02 10:52:40,1999 / 中国香港 / 喜剧 / 王晶 / 周星驰 张家辉
1299680,整蛊专家,,https://dou.img.lithub.cc/movie/1299680.jpg,1991-02-02(中国香港),https://movie.douban.com/subject/1299680/,8,"喜剧,爱情",,,,2023-09-02 10:42:45,1991 / 中国香港 / 喜剧 爱情 / 王晶 / 刘德华 周星驰
1297223,鹿鼎记,,https://dou.img.lithub.cc/movie/1297223.jpg,1992-07-30(中国香港),https://movie.douban.com/subject/1297223/,8.3,"喜剧,动作,武侠",,,,2023-09-02 10:42:11,1992 / 中国香港 / 喜剧 动作 武侠 古装 / 王晶 / 周星驰 吴孟达
1307739,国产凌凌漆,,https://dou.img.lithub.cc/movie/1307739.jpg,1994-10-13(中国香港),https://movie.douban.com/subject/1307739/,8.4,"喜剧,动作",,,,2023-09-02 10:42:08,1994 / 中国香港 / 喜剧 动作 / 李力持 周星驰 / 周星驰 袁咏仪
1296693,醉拳,,https://dou.img.lithub.cc/movie/1296693.jpg,1978-10-05,https://movie.douban.com/subject/1296693/,7.8,"喜剧,动作",,,,2023-09-02 10:42:01,1978 / 中国香港 / 喜剧 动作 / 袁和平 / 成龙 黄正利
1297863,武状元苏乞儿,,https://dou.img.lithub.cc/movie/1297863.jpg,1992-12-17(中国香港),https://movie.douban.com/subject/1297863/,8.1,"喜剧,动作,武侠",,,,2023-09-02 10:41:59,1992 / 中国香港 / 喜剧 动作 武侠 古装 / 陈嘉上 / 周星驰 张敏
1300566,赌侠,,https://dou.img.lithub.cc/movie/1300566.jpg,1990-12-13(中国香港),https://movie.douban.com/subject/1300566/,7.9,"剧情,喜剧",,,,2023-09-02 10:41:36,1990 / 中国香港 / 剧情 喜剧 / 王晶 / 刘德华 周星驰
1433602,赌圣2：街头赌圣,,https://dou.img.lithub.cc/movie/1433602.jpg,1995-06-28,https://movie.douban.com/subject/1433602/,6.2,喜剧,,,,2023-09-02 10:41:35,1995 / 中国香港 / 喜剧 / 王晶 / 葛民辉 邱淑贞
1298644,赌圣,,https://dou.img.lithub.cc/movie/1298644.jpg,1990-08-18(中国香港),https://movie.douban.com/subject/1298644/,7.9,"喜剧,动作",,,,2023-09-02 10:41:34,1990 / 中国香港 / 喜剧 动作 / 元奎 刘镇伟 / 周星驰 张敏
1301381,赌神3之少年赌神,,https://dou.img.lithub.cc/movie/1301381.jpg,1996-12-14,https://movie.douban.com/subject/1301381/,7.1,"剧情,喜剧,动作",,,,2023-09-02 10:41:33,1996 / 中国香港 / 剧情 喜剧 动作 / 王晶 / 黎明 袁咏仪
1292506,赌神2,,https://dou.img.lithub.cc/movie/1292506.jpg,1994-12-15(中国香港),https://movie.douban.com/subject/1292506/,8,"喜剧,动作",,,,2023-09-02 10:41:32,1994 / 中国香港 / 喜剧 动作 / 王晶 / 周润发 梁家辉
1300883,赌神,,https://dou.img.lithub.cc/movie/1300883.jpg,1989-12-14(中国香港),https://movie.douban.com/subject/1300883/,8.5,"剧情,喜剧",,,,2023-09-02 10:41:31,1989 / 中国香港 / 剧情 喜剧 / 王晶 / 周润发 刘德华
1302977,赌侠2：上海滩赌圣,,https://dou.img.lithub.cc/movie/1302977.jpg,1991-08-21(中国香港),https://movie.douban.com/subject/1302977/,7.7,"喜剧,奇幻",,,,2023-09-02 10:41:29,1991 / 中国香港 / 喜剧 奇幻 / 王晶 / 周星驰 巩俐
1302678,逃学威龙3之龙过鸡年,,https://dou.img.lithub.cc/movie/1302678.jpg,1993-01-14,https://movie.douban.com/subject/1302678/,7.6,喜剧,,,,2023-09-02 10:41:17,1993 / 中国香港 / 喜剧 / 王晶 / 周星驰 梅艳芳
1296201,逃学威龙2,,https://dou.img.lithub.cc/movie/1296201.jpg,1992-04-09(中国香港),https://movie.douban.com/subject/1296201/,7.9,喜剧,,,,2023-09-02 10:41:14,1992 / 中国香港 / 喜剧 / 陈嘉上 / 周星驰 张敏
1418187,忍者神龟,,https://dou.img.lithub.cc/movie/1418187.jpg,2007-05-18(中国大陆),https://movie.douban.com/subject/1418187/,6.5,"剧情,喜剧,动作",,,,2023-09-02 10:40:28,2007 / 中国香港 美国 / 剧情 喜剧 动作 动画 家庭 奇幻 冒险 / 凯文·门罗 / 诺兰·诺斯 詹姆斯·阿诺德·泰勒
1300656,终结者,,https://dou.img.lithub.cc/movie/1300656.jpg,1992-06(中国大陆),https://movie.douban.com/subject/1300656/,8.2,"动作,科幻,惊悚",,,,2023-09-02 10:40:12,1984 / 美国 英国 / 动作 科幻 惊悚 / 詹姆斯·卡梅隆 / 阿诺·施瓦辛格 迈克尔·比恩
1309193,变相怪杰2：面具之子,,https://dou.img.lithub.cc/movie/1309193.jpg,2005-03-17,https://movie.douban.com/subject/1309193/,6.1,"喜剧,奇幻",,,,2023-09-02 10:40:08,2005 / 美国 德国 澳大利亚 法国 / 喜剧 奇幻 / 劳伦斯·哥特曼 / 杰米·肯尼迪 艾伦·卡明
25964071,夏洛特烦恼,,https://dou.img.lithub.cc/movie/25964071.jpg,2015-09-30(中国大陆),https://movie.douban.com/subject/25964071/,7.8,"喜剧,爱情",,,,2023-09-02 10:39:54,2015 / 中国大陆 / 喜剧 爱情 / 闫非 彭大魔 / 沈腾 马丽
1829230,舞出我人生,,https://dou.img.lithub.cc/movie/1829230.jpg,2009-03-24(中国大陆),https://movie.douban.com/subject/1829230/,7.7,"剧情,爱情,歌舞",,,,2023-09-02 10:39:48,2006 / 美国 / 剧情 爱情 歌舞 / 安妮·弗莱彻 / 查宁·塔图姆 珍娜·迪万
1299092,回到未来2,,https://dou.img.lithub.cc/movie/1299092.jpg,1989-11-22(美国),https://movie.douban.com/subject/1299092/,8.5,"喜剧,科幻,冒险",,,,2023-09-02 10:39:43,1989 / 美国 / 喜剧 科幻 冒险 / 罗伯特·泽米吉斯 / 迈克尔·J·福克斯 克里斯托弗·洛伊德
1300555,回到未来,,https://dou.img.lithub.cc/movie/1300555.jpg,1985-07-03(美国),https://movie.douban.com/subject/1300555/,8.8,"喜剧,科幻,冒险",,,,2023-09-02 10:39:40,1985 / 美国 / 喜剧 科幻 冒险 / 罗伯特·泽米吉斯 / 迈克尔·J·福克斯 克里斯托弗·洛伊德
26835471,大侦探皮卡丘,,https://dou.img.lithub.cc/movie/26835471.jpg,2019-05-10(中国大陆),https://movie.douban.com/subject/26835471/,6.4,"喜剧,动画,奇幻",,,,2023-09-02 10:39:32,2019 / 美国 日本 英国 加拿大 / 喜剧 动画 奇幻 冒险 / 罗伯·莱特曼 / 瑞安·雷诺兹 贾斯蒂斯·史密斯
2213591,重返十七岁,,https://dou.img.lithub.cc/movie/2213591.jpg,2009-04-17(美国),https://movie.douban.com/subject/2213591/,7.4,"剧情,喜剧,爱情",,,,2023-09-02 10:39:17,2009 / 美国 / 剧情 喜剧 爱情 / 布尔·斯蒂尔斯 / 扎克·埃夫隆 莱斯利·曼恩
1329936,大内密探零零发,,https://dou.img.lithub.cc/movie/1329936.jpg,1996-02-16(中国香港),https://movie.douban.com/subject/1329936/,8,"喜剧,动作,爱情",,,,2023-09-02 10:38:23,1996 / 中国香港 / 喜剧 动作 爱情 古装 / 谷德昭 周星驰 / 周星驰 刘嘉玲
1297970,蝙蝠侠,,https://dou.img.lithub.cc/movie/1297970.jpg,1989-06-23,https://movie.douban.com/subject/1297970/,7.5,"动作,冒险",,,,2023-09-02 10:38:16,1989 / 美国 英国 / 动作 冒险 / 蒂姆·波顿 / 迈克尔·基顿 杰克·尼科尔森
1302090,逃学威龙,,https://dou.img.lithub.cc/movie/1302090.jpg,1991-07-18(中国香港),https://movie.douban.com/subject/1302090/,8.1,"喜剧,动作,爱情",,,,2023-09-02 10:38:07,1991 / 中国香港 / 喜剧 动作 爱情 / 陈嘉上 / 周星驰 张敏
1296666,回到未来3,,https://dou.img.lithub.cc/movie/1296666.jpg,1990-05-25(美国),https://movie.douban.com/subject/1296666/,8.6,"喜剧,科幻,西部",,,,2023-09-02 10:38:05,1990 / 美国 / 喜剧 科幻 西部 冒险 / 罗伯特·泽米吉斯 / 迈克尔·J·福克斯 克里斯托弗·洛伊德
2063914,哥斯拉,,https://dou.img.lithub.cc/movie/2063914.jpg,2014-06-13(中国大陆),https://movie.douban.com/subject/2063914/,6.6,"动作,科幻,冒险",,,,2023-09-02 10:38:00,2014 / 美国 日本 / 动作 科幻 冒险 灾难 / 加里斯·爱德华斯 / 亚伦·泰勒-约翰逊 卡梅隆·CJ·亚当斯
1308927,笑林小子2：新乌龙院,,https://dou.img.lithub.cc/movie/1308927.jpg,1994-07-21(中国香港),https://movie.douban.com/subject/1308927/,7.9,"喜剧,动作",,,,2023-09-02 10:37:58,1994 / 中国香港 中国台湾 / 喜剧 动作 / 朱延平 / 郝劭文 释小龙
1297518,九品芝麻官,,https://dou.img.lithub.cc/movie/1297518.jpg,1994-03-31(中国香港),https://movie.douban.com/subject/1297518/,8.7,"剧情,喜剧,古装",,,,2023-09-02 10:33:57,1994 / 中国香港 中国大陆 / 剧情 喜剧 古装 / 王晶 / 周星驰 吴孟达
1300498,百变星君,,https://dou.img.lithub.cc/movie/1300498.jpg,1995-08-19(中国香港),https://movie.douban.com/subject/1300498/,7.9,"喜剧,科幻,奇幻",,,,2023-09-02 10:33:55,1995 / 中国香港 / 喜剧 科幻 奇幻 / 叶伟民 / 周星驰 吴孟达
1578714,神奇女侠,,https://dou.img.lithub.cc/movie/1578714.jpg,2017-06-02(中国大陆),https://movie.douban.com/subject/1578714/,7.1,"动作,奇幻,冒险",,,,2023-09-02 10:33:35,2017 / 美国 中国大陆 中国香港 / 动作 奇幻 冒险 / 派蒂·杰金斯 / 盖尔·加朵 克里斯·派恩
1408312,笑林小子,,https://dou.img.lithub.cc/movie/1408312.jpg,1994-04-15(中国香港),https://movie.douban.com/subject/1408312/,7.9,喜剧,,,,2023-09-02 10:33:34,1994 / 中国台湾 中国香港 / 喜剧 / 朱延平 / 林志颖 郝劭文
3215640,功夫熊猫之盖世五侠的秘密,,https://dou.img.lithub.cc/movie/3215640.jpg,2008-11-09(美国),https://movie.douban.com/subject/3215640/,7.6,"喜剧,动作,动画",,,,2023-09-02 10:33:31,2008 / 美国 / 喜剧 动作 动画 短片 / 许诚毅 / 杰克·布莱克 达斯汀·霍夫曼
19944106,美人鱼,,https://dou.img.lithub.cc/movie/19944106.jpg,2016-02-08(中国大陆),https://movie.douban.com/subject/19944106/,6.7,"喜剧,爱情,奇幻",,,,2023-09-02 10:33:28,2016 / 中国大陆 中国香港 / 喜剧 爱情 奇幻 / 周星驰 / 邓超 罗志祥
1293351,食神,,https://dou.img.lithub.cc/movie/1293351.jpg,1996-12-21(中国香港),https://movie.douban.com/subject/1293351/,8.2,"喜剧,动作",,,,2023-09-02 10:33:23,1996 / 中国香港 / 喜剧 动作 / 李力持 周星驰 / 周星驰 莫文蔚
1297747,少林足球,,https://dou.img.lithub.cc/movie/1297747.jpg,2001-07-12(中国香港),https://movie.douban.com/subject/1297747/,8.1,"喜剧,动作,运动",,,,2023-09-02 10:33:11,2001 / 中国香港 / 喜剧 动作 运动 / 周星驰 / 周星驰 吴孟达
4926002,举起手来2：追击阿多丸号,,https://dou.img.lithub.cc/movie/4926002.jpg,2010-09-09(中国大陆),https://movie.douban.com/subject/4926002/,5.5,喜剧,,,,2023-09-02 10:33:06,2010 / 中国大陆 / 喜剧 / 冯小宁 / 潘长江 郭达
1431685,猴子捞月,,https://dou.img.lithub.cc/movie/1431685.jpg,1981,https://movie.douban.com/subject/1431685/,8.1,"动画,短片",,,,2023-09-02 10:33:03,1981 / 中国大陆 / 动画 短片 / 周克勤
1460996,十兄弟,,https://dou.img.lithub.cc/movie/1460996.jpg,1995-12-23(中国香港),https://movie.douban.com/subject/1460996/,6.9,"喜剧,动作,奇幻",,,,2023-09-02 10:33:00,1995 / 中国香港 / 喜剧 动作 奇幻 冒险 / 李力持 / 张敏 钟镇涛
25887288,冰雪奇缘2,,https://dou.img.lithub.cc/movie/25887288.jpg,2019-11-22(中国大陆),https://movie.douban.com/subject/25887288/,7,"喜剧,动画,歌舞",,,,2023-09-02 10:32:06,2019 / 美国 / 喜剧 动画 歌舞 冒险 / 克里斯·巴克 珍妮弗·李 / 克里斯汀·贝尔 伊迪娜·门泽尔
10574622,人再囧途之泰囧,,https://dou.img.lithub.cc/movie/10574622.jpg,2012-12-12(中国大陆),https://movie.douban.com/subject/10574622/,7.5,喜剧,,,,2023-09-02 10:31:56,2012 / 中国大陆 / 喜剧 / 徐峥 / 徐峥 王宝强
7152908,火影忍者剧场版：忍者之路,,https://dou.img.lithub.cc/movie/7152908.jpg,2012-07-28(日本),https://movie.douban.com/subject/7152908/,8,"剧情,动作,科幻",,,,2023-09-02 10:31:39,2012 / 日本 / 剧情 动作 科幻 动画 奇幻 / 伊达勇登 / 竹内顺子 中村千绘
1959877,崖上的波妞,,https://dou.img.lithub.cc/movie/1959877.jpg,2008-07-19(日本),https://movie.douban.com/subject/1959877/,8.6,"动画,奇幻,冒险",,,,2023-09-02 10:31:30,2008 / 日本 / 动画 奇幻 冒险 / 宫崎骏 / 神月柚莉爱 土井洋辉
3274505,猩球崛起,,https://dou.img.lithub.cc/movie/3274505.jpg,2011-10-28(中国大陆),https://movie.douban.com/subject/3274505/,8.2,"剧情,动作,科幻",,,,2023-09-02 10:31:03,2011 / 美国 / 剧情 动作 科幻 / 鲁伯特·瓦耶特 / 安迪·瑟金斯 詹姆斯·弗兰科
1307023,神话,,https://dou.img.lithub.cc/movie/1307023.jpg,2005-09-23(中国大陆),https://movie.douban.com/subject/1307023/,6.9,"剧情,喜剧,动作",,,,2023-09-02 10:30:49,2005 / 中国大陆 中国香港 / 剧情 喜剧 动作 奇幻 冒险 / 唐季礼 / 成龙 金喜善
26598021,航海王之黄金城,,https://dou.img.lithub.cc/movie/26598021.jpg,2016-11-11(中国大陆),https://movie.douban.com/subject/26598021/,7.6,"剧情,动作,动画",,,,2023-09-02 10:30:33,2016 / 日本 / 剧情 动作 动画 冒险 / 宮元宏彰 / 田中真弓 中井和哉
4237879,人在囧途,,https://dou.img.lithub.cc/movie/4237879.jpg,2010-06-04(中国大陆),https://movie.douban.com/subject/4237879/,7.8,喜剧,,,,2023-09-02 10:29:28,2010 / 中国大陆 / 喜剧 / 叶伟民 / 徐峥 王宝强
2279997,海贼王剧场版4：死亡尽头的冒险,,https://dou.img.lithub.cc/movie/2279997.jpg,2003-03-01(日本),https://movie.douban.com/subject/2279997/,8.2,"喜剧,动作,动画",,,,2023-09-02 10:29:25,2003 / 日本 / 喜剧 动作 动画 奇幻 冒险 / 宇田钢之助 / 田中真弓 冈村明美
1917074,阿童木,,https://dou.img.lithub.cc/movie/1917074.jpg,2009-10-23(中国大陆),https://movie.douban.com/subject/1917074/,6.9,"动作,科幻,动画",,,,2023-09-02 10:29:13,2009 / 中国香港 美国 日本 / 动作 科幻 动画 家庭 / 大卫·博维斯 / 弗莱迪·海默 克里斯汀·贝尔
4807924,泰迪熊,,https://dou.img.lithub.cc/movie/4807924.jpg,2012-06-29(美国),https://movie.douban.com/subject/4807924/,7.2,喜剧,,,,2023-09-02 10:29:08,2012 / 美国 / 喜剧 / 塞思·麦克法兰 / 塞思·麦克法兰 马克·沃尔伯格
4767216,憨豆特工2,,https://dou.img.lithub.cc/movie/4767216.jpg,2011-10-07(英国),https://movie.douban.com/subject/4767216/,7.3,喜剧,,,,2023-09-02 10:28:54,2011 / 美国 法国 英国 / 喜剧 / 奥利弗·帕克 / 罗温·艾金森 吉莲·安德森
25824686,变形金刚5：最后的骑士,,https://dou.img.lithub.cc/movie/25824686.jpg,2017-06-23(中国大陆),https://movie.douban.com/subject/25824686/,4.9,"动作,科幻,冒险",,,,2023-09-02 10:27:58,2017 / 美国 中国大陆 加拿大 / 动作 科幻 冒险 / 迈克尔·贝 / 马克·沃尔伯格 安东尼·霍普金斯
7054604,变形金刚4：绝迹重生,,https://dou.img.lithub.cc/movie/7054604.jpg,2014-06-27(中国大陆),https://movie.douban.com/subject/7054604/,6.7,"动作,科幻,冒险",,,,2023-09-02 10:27:57,2014 / 美国 中国大陆 中国香港 / 动作 科幻 冒险 / 迈克尔·贝 / 马克·沃尔伯格 斯坦利·图齐
2146991,变形金刚2,,https://dou.img.lithub.cc/movie/2146991.jpg,2009-06-24(中国大陆),https://movie.douban.com/subject/2146991/,7.8,"动作,科幻,冒险",,,,2023-09-02 10:27:55,2009 / 美国 / 动作 科幻 冒险 / 迈克尔·贝 / 希亚·拉博夫 梅根·福克斯
3610047,变形金刚3,,https://dou.img.lithub.cc/movie/3610047.jpg,2011-07-21(中国大陆),https://movie.douban.com/subject/3610047/,7.3,"动作,科幻,冒险",,,,2023-09-02 10:27:52,2011 / 美国 / 动作 科幻 冒险 / 迈克尔·贝 / 希亚·拉博夫 罗茜·汉丁顿-惠特莉
6517421,惊天魔盗团,,https://dou.img.lithub.cc/movie/6517421.jpg,2013-10-10(中国大陆),https://movie.douban.com/subject/6517421/,7.8,"剧情,悬疑,犯罪",,,,2023-09-02 10:27:49,2013 / 美国 法国 / 剧情 悬疑 犯罪 / 路易斯·莱特里尔 / 杰西·艾森伯格 艾拉·菲舍尔
1309043,金刚,,https://dou.img.lithub.cc/movie/1309043.jpg,2006-01-12(中国大陆),https://movie.douban.com/subject/1309043/,8,"动作,奇幻,冒险",,,,2023-09-02 10:27:42,2005 / 新西兰 美国 德国 / 动作 奇幻 冒险 / 彼得·杰克逊 / 安迪·瑟金斯 娜奥米·沃茨
1307354,绿巨人浩克,,https://dou.img.lithub.cc/movie/1307354.jpg,2003-10-10(中国大陆),https://movie.douban.com/subject/1307354/,6.8,"剧情,动作,科幻",,,,2023-09-02 10:26:48,2003 / 美国 / 剧情 动作 科幻 / 李安 / 艾瑞克·巴纳 詹妮弗·康纳利
1294948,憨豆先生的大灾难,,https://dou.img.lithub.cc/movie/1294948.jpg,1997-08-01,https://movie.douban.com/subject/1294948/,8.2,"喜剧,家庭",,,,2023-09-02 10:26:17,1997 / 英国 美国 / 喜剧 家庭 / 梅尔·史密斯 / 罗温·艾金森 彼特·麦尼科
1299952,小鬼当街,,https://dou.img.lithub.cc/movie/1299952.jpg,1994-07-01(美国),https://movie.douban.com/subject/1299952/,8.2,"喜剧,冒险",,,,2023-09-02 10:26:12,1994 / 美国 / 喜剧 冒险 / 帕特里克·里德·约翰逊 / 亚当·罗伯特·沃顿 雅各布·约瑟夫·沃顿
1794171,变形金刚,,https://dou.img.lithub.cc/movie/1794171.jpg,2007-07-11(中国大陆),https://movie.douban.com/subject/1794171/,8.3,"动作,科幻",,,,2023-09-02 10:26:08,2007 / 美国 / 动作 科幻 / 迈克尔·贝 / 希亚·拉博夫 梅根·福克斯
1394968,举起手来！,,https://dou.img.lithub.cc/movie/1394968.jpg,,https://movie.douban.com/subject/1394968/,7.3,"喜剧,战争",,,,2023-09-02 10:26:00,2003 / 中国大陆 / 喜剧 战争 / 冯小宁 / 郭达 潘长江
1864784,猫和老鼠：魔法戒指,,https://dou.img.lithub.cc/movie/1864784.jpg,2002-03-12,https://movie.douban.com/subject/1864784/,8.7,"喜剧,动画",,,,2023-09-02 10:25:59,2002 / 美国 / 喜剧 动画 / James T. Walker / 杰夫·贝内特 弗兰克·维尔克
1829654,憨豆的黄金周,,https://dou.img.lithub.cc/movie/1829654.jpg,2007-07-27(中国大陆),https://movie.douban.com/subject/1829654/,8.2,喜剧,,,,2023-09-02 10:25:57,2007 / 英国 法国 德国 / 喜剧 / 史蒂夫·班德莱克 / 罗温·艾金森 马克思·鲍德里
1584750,神奇四侠2,,https://dou.img.lithub.cc/movie/1584750.jpg,2007-06-15(美国),https://movie.douban.com/subject/1584750/,6.5,"动作,科幻,冒险",,,,2023-09-02 10:25:07,2007 / 美国 德国 英国 / 动作 科幻 冒险 / 蒂姆·斯托瑞 / 艾恩·格拉法德 杰西卡·阿尔芭
6875263,灰姑娘,,https://dou.img.lithub.cc/movie/6875263.jpg,2015-03-13(中国大陆),https://movie.douban.com/subject/6875263/,7,"爱情,奇幻,冒险",,,,2023-09-02 10:24:56,2015 / 美国 英国 / 爱情 奇幻 冒险 / 肯尼思·布拉纳 / 莉莉·詹姆斯 理查德·麦登
19957083,泰迪熊2,,https://dou.img.lithub.cc/movie/19957083.jpg,2015-06-26(美国),https://movie.douban.com/subject/19957083/,6.7,喜剧,,,,2023-09-02 10:24:47,2015 / 美国 / 喜剧 / 塞思·麦克法兰 / 塞思·麦克法兰 马克·沃尔伯格
25786060,X战警：天启,,https://dou.img.lithub.cc/movie/25786060.jpg,2016-06-03(中国大陆),https://movie.douban.com/subject/25786060/,7.7,"动作,科幻,奇幻",,,,2023-09-02 10:24:40,2016 / 美国 / 动作 科幻 奇幻 冒险 / 布莱恩·辛格 / 詹姆斯·麦卡沃伊 迈克尔·法斯宾德
1305724,X战警2,,https://dou.img.lithub.cc/movie/1305724.jpg,2003-09-29(中国大陆),https://movie.douban.com/subject/1305724/,7.7,"动作,科幻,惊悚",,,,2023-09-02 10:24:30,2003 / 美国 加拿大 / 动作 科幻 惊悚 / 布莱恩·辛格 / 帕特里克·斯图尔特 休·杰克曼
1295250,X战警,,https://dou.img.lithub.cc/movie/1295250.jpg,2000-07-14(美国),https://movie.douban.com/subject/1295250/,7.8,"动作,科幻",,,,2023-09-02 10:24:29,2000 / 美国 加拿大 / 动作 科幻 / 布莱恩·辛格 / 休·杰克曼 帕特里克·斯图尔特
1792928,金刚狼,,https://dou.img.lithub.cc/movie/1792928.jpg,2009-05-03(中国大陆),https://movie.douban.com/subject/1792928/,7.6,"动作,科幻",,,,2023-09-02 10:24:25,2009 / 美国 英国 / 动作 科幻 / 加文·胡德 / 休·杰克曼 列维·施瑞博尔
1297570,变相怪杰,,https://dou.img.lithub.cc/movie/1297570.jpg,1994-07-29(美国),https://movie.douban.com/subject/1297570/,8,"喜剧,奇幻",,,,2023-09-02 10:24:17,1994 / 美国 / 喜剧 奇幻 / 查克·拉塞尔 / 金·凯瑞 彼得·里格特
1309103,神奇四侠,,https://dou.img.lithub.cc/movie/1309103.jpg,2005-09-29(中国大陆),https://movie.douban.com/subject/1309103/,6.7,"动作,科幻,冒险",,,,2023-09-02 10:24:09,2005 / 美国 德国 / 动作 科幻 冒险 / 蒂姆·斯托瑞 / 艾恩·格拉法德 杰西卡·阿尔芭
25900945,美女与野兽,,https://dou.img.lithub.cc/movie/25900945.jpg,2017-03-17(中国大陆),https://movie.douban.com/subject/25900945/,7.1,"爱情,歌舞,奇幻",,,,2023-09-02 10:24:05,2017 / 美国 / 爱情 歌舞 奇幻 / 比尔·康顿 / 艾玛·沃森 丹·史蒂文斯
25777636,奇幻森林,,https://dou.img.lithub.cc/movie/25777636.jpg,2016-04-15(中国大陆),https://movie.douban.com/subject/25777636/,7.8,"剧情,奇幻,冒险",,,,2023-09-02 10:24:01,2016 / 英国 美国 / 剧情 奇幻 冒险 / 乔恩·费儒 / 尼尔·塞西 比尔·默瑞
3168101,毒液：致命守护者,,https://dou.img.lithub.cc/movie/3168101.jpg,2018-11-09(中国大陆),https://movie.douban.com/subject/3168101/,7.2,"动作,科幻,惊悚",,,,2023-09-02 10:23:52,2018 / 美国 中国大陆 / 动作 科幻 惊悚 / 鲁本·弗雷斯彻 / 汤姆·哈迪 米歇尔·威廉姆斯
26636712,蚁人2：黄蜂女现身,,https://dou.img.lithub.cc/movie/26636712.jpg,2018-08-24(中国大陆),https://movie.douban.com/subject/26636712/,7.2,"动作,科幻,冒险",,,,2023-09-02 10:23:51,2018 / 美国 / 动作 科幻 冒险 / 佩顿·里德 / 保罗·路德 伊万杰琳·莉莉
24773958,复仇者联盟3：无限战争,,https://dou.img.lithub.cc/movie/24773958.jpg,2018-05-11(中国大陆),https://movie.douban.com/subject/24773958/,8.1,"动作,科幻,奇幻",,,,2023-09-02 10:23:49,2018 / 美国 / 动作 科幻 奇幻 冒险 / 安东尼·罗素 乔·罗素 / 小罗伯特·唐尼 克里斯·海姆斯沃斯
25937854,银河护卫队2,,https://dou.img.lithub.cc/movie/25937854.jpg,2017-05-05(中国大陆),https://movie.douban.com/subject/25937854/,8,"动作,科幻,冒险",,,,2023-09-02 10:23:41,2017 / 美国 / 动作 科幻 冒险 / 詹姆斯·古恩 / 克里斯·帕拉特 佐伊·索尔达娜
3025375,奇异博士,,https://dou.img.lithub.cc/movie/3025375.jpg,2016-11-04(中国大陆),https://movie.douban.com/subject/3025375/,7.6,"动作,奇幻,冒险",,,,2023-09-02 10:23:39,2016 / 美国 / 动作 奇幻 冒险 / 斯科特·德瑞克森 / 本尼迪克特·康伯巴奇 蒂尔达·斯文顿
1866473,蚁人,,https://dou.img.lithub.cc/movie/1866473.jpg,2015-10-16(中国大陆),https://movie.douban.com/subject/1866473/,7.7,"动作,科幻,冒险",,,,2023-09-02 10:23:36,2015 / 美国 / 动作 科幻 冒险 / 佩顿·里德 / 保罗·路德 迈克尔·道格拉斯
10741834,复仇者联盟2：奥创纪元,,https://dou.img.lithub.cc/movie/10741834.jpg,2015-05-12(中国大陆),https://movie.douban.com/subject/10741834/,7.5,"动作,科幻,奇幻",,,,2023-09-02 10:23:34,2015 / 美国 / 动作 科幻 奇幻 冒险 / 乔斯·韦登 / 小罗伯特·唐尼 克里斯·海姆斯沃斯
7065154,银河护卫队,,https://dou.img.lithub.cc/movie/7065154.jpg,2014-10-10(中国大陆),https://movie.douban.com/subject/7065154/,8.1,"动作,科幻,冒险",,,,2023-09-02 10:23:33,2014 / 美国 / 动作 科幻 冒险 / 詹姆斯·古恩 / 克里斯·帕拉特 佐伊·索尔达娜
6390823,美国队长2,,https://dou.img.lithub.cc/movie/6390823.jpg,2014-04-04(中国大陆),https://movie.douban.com/subject/6390823/,8,"动作,科幻,惊悚",,,,2023-09-02 10:23:31,2014 / 美国 / 动作 科幻 惊悚 冒险 / 安东尼·罗素 乔·罗素 / 克里斯·埃文斯 斯嘉丽·约翰逊
3231742,钢铁侠3,,https://dou.img.lithub.cc/movie/3231742.jpg,2013-05-01(中国大陆),https://movie.douban.com/subject/3231742/,7.9,"动作,科幻",,,,2023-09-02 10:23:28,2013 / 美国 中国大陆 / 动作 科幻 / 沙恩·布莱克 / 小罗伯特·唐尼 盖·皮尔斯
1866479,复仇者联盟,,https://dou.img.lithub.cc/movie/1866479.jpg,2012-05-05(中国大陆),https://movie.douban.com/subject/1866479/,8.3,"动作,科幻,奇幻",,,,2023-09-02 10:23:26,2012 / 美国 / 动作 科幻 奇幻 冒险 / 乔斯·韦登 / 小罗伯特·唐尼 克里斯·埃文斯
2138838,美国队长,,https://dou.img.lithub.cc/movie/2138838.jpg,2011-09-09(中国大陆),https://movie.douban.com/subject/2138838/,7.2,"动作,科幻,冒险",,,,2023-09-02 10:23:25,2011 / 美国 / 动作 科幻 冒险 / 乔·庄斯顿 / 克里斯·埃文斯 海莉·阿特维尔
1866475,无敌浩克,,https://dou.img.lithub.cc/movie/1866475.jpg,2008-08-20(中国大陆),https://movie.douban.com/subject/1866475/,7.1,"动作,科幻,惊悚",,,,2023-09-02 10:23:23,2008 / 美国 / 动作 科幻 惊悚 / 路易斯·莱特里尔 / 爱德华·诺顿 丽芙·泰勒
1432146,钢铁侠,,https://dou.img.lithub.cc/movie/1432146.jpg,2008-04-30(中国大陆),https://movie.douban.com/subject/1432146/,8.4,"动作,科幻,惊悚",,,,2023-09-02 10:23:20,2008 / 美国 / 动作 科幻 惊悚 冒险 / 乔恩·费儒 / 小罗伯特·唐尼 泰伦斯·霍华德
26100958,复仇者联盟4：终局之战,,https://dou.img.lithub.cc/movie/26100958.jpg,2019-04-24(中国大陆),https://movie.douban.com/subject/26100958/,8.5,"剧情,动作,科幻",,,,2023-09-02 10:23:17,2019 / 美国 / 剧情 动作 科幻 奇幻 冒险 / 安东尼·罗素 乔·罗素 / 小罗伯特·唐尼 克里斯·埃文斯
3066739,钢铁侠2,,https://dou.img.lithub.cc/movie/3066739.jpg,2010-05-07(中国大陆),https://movie.douban.com/subject/3066739/,7.7,"动作,科幻,冒险",,,,2023-09-02 10:23:11,2010 / 美国 / 动作 科幻 冒险 / 乔恩·费儒 / 小罗伯特·唐尼 格温妮斯·帕特洛
1961963,长江七号,,https://dou.img.lithub.cc/movie/1961963.jpg,2008-01-30(中国大陆),https://movie.douban.com/subject/1961963/,7.2,"喜剧,科幻",,,,2023-09-02 10:23:09,2008 / 中国大陆 中国香港 / 喜剧 科幻 / 周星驰 / 周星驰 徐娇
2159331,蓝精灵,,https://dou.img.lithub.cc/movie/2159331.jpg,2011-08-10(中国大陆),https://movie.douban.com/subject/2159331/,7.3,"喜剧,动画,奇幻",,,,2023-09-02 10:23:08,2011 / 美国 比利时 / 喜剧 动画 奇幻 / 拉加·高斯内尔 / 尼尔·帕特里克·哈里斯 杰玛·梅斯
1866471,雷神,,https://dou.img.lithub.cc/movie/1866471.jpg,2011-05-08(中国大陆),https://movie.douban.com/subject/1866471/,7.1,"动作,奇幻,冒险",,,,2023-09-02 10:23:01,2011 / 美国 / 动作 奇幻 冒险 / 肯尼思·布拉纳 / 克里斯·海姆斯沃斯 娜塔莉·波特曼
1307389,憨豆特工,,https://dou.img.lithub.cc/movie/1307389.jpg,2003-09-12(中国大陆),https://movie.douban.com/subject/1307389/,7.7,"喜剧,动作,冒险",,,,2023-09-02 10:22:55,2003 / 英国 法国 美国 / 喜剧 动作 冒险 / 彼得·休伊特 / 罗温·艾金森 塔莎·德·瓦斯康赛洛丝
25769362,哆啦A梦：伴我同行,,https://dou.img.lithub.cc/movie/25769362.jpg,2015-05-28(中国大陆),https://movie.douban.com/subject/25769362/,8.1,"剧情,动画",,,,2023-09-02 10:22:50,2014 / 日本 / 剧情 动画 / 八木龙一 山崎贵 / 水田山葵 大原惠美
1306612,蜘蛛侠,,https://dou.img.lithub.cc/movie/1306612.jpg,2002-08-07(中国大陆),https://movie.douban.com/subject/1306612/,8,"动作,科幻,冒险",,,,2023-09-02 10:22:21,2002 / 美国 / 动作 科幻 冒险 / 山姆·雷米 / 托比·马奎尔 威廉·达福
25805054,十万个冷笑话,,https://dou.img.lithub.cc/movie/25805054.jpg,2014-12-31(中国大陆),https://movie.douban.com/subject/25805054/,6.6,"喜剧,动画,奇幻",,,,2023-09-02 10:22:12,2014 / 中国大陆 / 喜剧 动画 奇幻 / 卢恒宇 李姝洁 / 张杰 皇贞季
1295242,精灵鼠小弟,,https://dou.img.lithub.cc/movie/1295242.jpg,2000-02-16(中国大陆),https://movie.douban.com/subject/1295242/,7.8,"喜剧,家庭,奇幻",,,,2023-09-02 10:21:56,1999 / 美国 德国 / 喜剧 家庭 奇幻 冒险 / 罗伯·明可夫 / 迈克尔·J·福克斯 吉娜·戴维斯
11808948,海绵宝宝,,https://dou.img.lithub.cc/movie/11808948.jpg,2015-12-01(中国大陆),https://movie.douban.com/subject/11808948/,7.6,"喜剧,动画,冒险",,,,2023-09-02 10:21:41,2015 / 美国 / 喜剧 动画 冒险 / 保罗·提比特 迈克·米切尔 / 安东尼奥·班德拉斯 艾瑞克·鲍扎
3102668,天降美食,,https://dou.img.lithub.cc/movie/3102668.jpg,2009-09-18,https://movie.douban.com/subject/3102668/,7.6,"喜剧,动画,奇幻",,,,2023-09-02 10:21:34,2009 / 美国 / 喜剧 动画 奇幻 / 菲尔·罗德 克里斯托弗·米勒 / 比尔·哈德尔 安娜·法瑞丝
11589036,功夫熊猫3,,https://dou.img.lithub.cc/movie/11589036.jpg,2016-01-29(中国大陆),https://movie.douban.com/subject/11589036/,7.8,"喜剧,动作,动画",,,,2023-09-02 10:21:22,2016 / 美国 中国大陆 / 喜剧 动作 动画 冒险 / 吕寅荣 亚历山德罗·卡罗尼 / 杰克·布莱克 布莱恩·科兰斯顿
3233635,功夫熊猫2,,https://dou.img.lithub.cc/movie/3233635.jpg,2011-05-28(中国大陆),https://movie.douban.com/subject/3233635/,8.1,"喜剧,动作,动画",,,,2023-09-02 10:21:20,2011 / 美国 / 喜剧 动作 动画 冒险 / 吕寅荣 / 杰克·布莱克 安吉丽娜·朱莉
1301757,狮子王2：辛巴的荣耀,,https://dou.img.lithub.cc/movie/1301757.jpg,1998-10-27,https://movie.douban.com/subject/1301757/,7.8,"喜剧,动画,冒险",,,,2023-09-02 10:21:15,1998 / 美国 澳大利亚 / 喜剧 动画 冒险 / 达雷尔·鲁尼 罗布·拉杜卡 / 马修·布罗德里克 莫伊拉·凯利
1835843,博物馆奇妙夜,,https://dou.img.lithub.cc/movie/1835843.jpg,2007-02-14(中国大陆),https://movie.douban.com/subject/1835843/,7.7,"喜剧,动作,家庭",,,,2023-09-02 10:21:02,2006 / 美国 英国 / 喜剧 动作 家庭 奇幻 冒险 / 肖恩·利维 / 本·斯蒂勒 欧文·威尔逊
1783457,功夫熊猫,,https://dou.img.lithub.cc/movie/1783457.jpg,2008-06-20(中国大陆),https://movie.douban.com/subject/1783457/,8.2,"喜剧,动作,动画",,,,2023-09-02 10:21:01,2008 / 美国 / 喜剧 动作 动画 冒险 / 马克·奥斯本 约翰·斯蒂文森 / 杰克·布莱克 达斯汀·霍夫曼
11624706,小黄人大眼萌,,https://dou.img.lithub.cc/movie/11624706.jpg,2015-09-13(中国大陆),https://movie.douban.com/subject/11624706/,7.8,"喜剧,动画",,,,2023-09-02 10:20:54,2015 / 美国 / 喜剧 动画 / 凯尔·巴尔达 皮埃尔·柯芬 / 桑德拉·布洛克 乔恩·哈姆
10562987,美女与野兽,,https://dou.img.lithub.cc/movie/10562987.jpg,2014-09-12(中国大陆),https://movie.douban.com/subject/10562987/,6.9,"爱情,奇幻",,,,2023-09-02 10:20:50,2014 / 法国 德国 / 爱情 奇幻 / 克里斯多夫·甘斯 / 文森特·卡塞尔 蕾雅·赛杜
1291543,功夫,,https://dou.img.lithub.cc/movie/1291543.jpg,2004-12-23(中国大陆),https://movie.douban.com/subject/1291543/,8.8,"喜剧,动作,犯罪",,,,2023-09-02 10:20:49,2004 / 中国大陆 中国香港 / 喜剧 动作 犯罪 奇幻 / 周星驰 / 周星驰 元秋
3364223,了不起的盖茨比,,https://dou.img.lithub.cc/movie/3364223.jpg,2013-08-30(中国大陆),https://movie.douban.com/subject/3364223/,8,"剧情,爱情",,,,2023-09-02 10:20:36,2013 / 澳大利亚 美国 / 剧情 爱情 / 巴兹·鲁赫曼 / 莱昂纳多·迪卡普里奥 凯瑞·穆里根
1428878,赛车总动员,,https://dou.img.lithub.cc/movie/1428878.jpg,2006-08-22(中国大陆),https://movie.douban.com/subject/1428878/,8.1,"喜剧,动画,冒险",,,,2023-09-02 10:20:33,2006 / 美国 / 喜剧 动画 冒险 / 约翰·拉塞特 乔·兰福特 / 欧文·威尔逊 保罗·纽曼
25812712,神偷奶爸3,,https://dou.img.lithub.cc/movie/25812712.jpg,2017-07-07(中国大陆),https://movie.douban.com/subject/25812712/,6.8,"喜剧,动画,冒险",,,,2023-09-02 10:20:22,2017 / 美国 / 喜剧 动画 冒险 / 凯尔·巴尔达 皮埃尔·柯芬 埃里克·吉隆 / 史蒂夫·卡瑞尔 克里斯汀·韦格
4915857,神偷奶爸2,,https://dou.img.lithub.cc/movie/4915857.jpg,2014-01-10(中国大陆),https://movie.douban.com/subject/4915857/,8.1,"喜剧,动画,冒险",,,,2023-09-02 10:20:19,2013 / 美国 法国 日本 / 喜剧 动画 冒险 / 皮埃尔·柯芬 克里斯·雷纳德 / 史蒂夫·卡瑞尔 克里斯汀·韦格
1294766,泰山,,https://dou.img.lithub.cc/movie/1294766.jpg,1999-06-18(美国),https://movie.douban.com/subject/1294766/,7.7,"剧情,动画,家庭",,,,2023-09-02 10:20:13,1999 / 美国 / 剧情 动画 家庭 冒险 / 克里斯·巴克 凯文·利玛 / 布耐恩·布莱塞得 格伦·克洛斯
3062897,葫芦兄弟,,https://dou.img.lithub.cc/movie/3062897.jpg,2008-05-27,https://movie.douban.com/subject/3062897/,8.9,动画,,,,2023-09-02 10:20:03,2008 / 中国大陆 / 动画 / 胡进庆 周克勤 葛桂云
1306802,精灵鼠小弟2,,https://dou.img.lithub.cc/movie/1306802.jpg,2002-08-15(中国大陆),https://movie.douban.com/subject/1306802/,7.3,"喜剧,家庭,奇幻",,,,2023-09-02 10:20:00,2002 / 美国 / 喜剧 家庭 奇幻 冒险 / 罗伯·明可夫 / 迈克尔·J·福克斯 吉娜·戴维斯
1302425,喜剧之王,,https://dou.img.lithub.cc/movie/1302425.jpg,1999-02-13(中国香港),https://movie.douban.com/subject/1302425/,8.8,"剧情,喜剧,爱情",,,,2023-09-02 10:19:56,1999 / 中国香港 / 剧情 喜剧 爱情 / 周星驰 李力持 / 周星驰 张柏芝
4824512,驯龙高手2,,https://dou.img.lithub.cc/movie/4824512.jpg,2014-08-14(中国大陆),https://movie.douban.com/subject/4824512/,8.1,"动画,奇幻,冒险",,,,2023-09-02 10:19:41,2014 / 美国 / 动画 奇幻 冒险 / 迪恩·德布洛斯 / 杰伊·巴鲁切尔 凯特·布兰切特
7065417,天降美食2,,https://dou.img.lithub.cc/movie/7065417.jpg,2013-09-27(美国),https://movie.douban.com/subject/7065417/,7.4,"喜剧,动画,奇幻",,,,2023-09-02 10:19:36,2013 / 美国 / 喜剧 动画 奇幻 / 科迪·卡梅伦 克里斯·皮尔恩 / 比尔·哈德尔 威尔·福特
1294833,花木兰,,https://dou.img.lithub.cc/movie/1294833.jpg,1998-06-19(美国),https://movie.douban.com/subject/1294833/,8,"剧情,动画,家庭",,,,2023-09-02 10:19:29,1998 / 美国 / 剧情 动画 家庭 冒险 / 巴里·库克 托尼·班克罗夫特 / 温明娜 艾迪·墨菲
1986338,歌舞青春2,,https://dou.img.lithub.cc/movie/1986338.jpg,2007-08-17(美国),https://movie.douban.com/subject/1986338/,7.3,"剧情,喜剧,家庭",,,,2023-09-02 10:19:23,2007 / 美国 / 剧情 喜剧 家庭 / 肯尼·奥特加 / 扎克·埃夫隆 凡妮莎·哈金斯
1299643,宝莲灯,,https://dou.img.lithub.cc/movie/1299643.jpg,1999-07-30(中国大陆),https://movie.douban.com/subject/1299643/,8.5,"动画,奇幻,冒险",,,,2023-09-02 10:19:22,1999 / 中国大陆 / 动画 奇幻 冒险 / 常光希 / 姜文 徐帆
1482072,穿普拉达的女王,,https://dou.img.lithub.cc/movie/1482072.jpg,2007-02-27(中国大陆),https://movie.douban.com/subject/1482072/,8.2,"剧情,喜剧",,,,2023-09-02 10:18:59,2006 / 美国 法国 / 剧情 喜剧 / 大卫·弗兰科尔 / 梅丽尔·斯特里普 安妮·海瑟薇
1305065,公主日记,,https://dou.img.lithub.cc/movie/1305065.jpg,2001-08-03(美国),https://movie.douban.com/subject/1305065/,7.6,"喜剧,爱情,家庭",,,,2023-09-02 10:18:53,2001 / 美国 英国 / 喜剧 爱情 家庭 / 盖瑞·马歇尔 / 朱莉·安德鲁斯 安妮·海瑟薇
11584024,我们仍未知道那天所看见的花的名字 剧场版,,https://dou.img.lithub.cc/movie/11584024.jpg,2013-08-31(日本),https://movie.douban.com/subject/11584024/,8.6,动画,,,,2023-09-02 10:18:32,2013 / 日本 / 动画 / 长井龙雪 / 入野自由 茅野爱衣
1765009,歌舞青春,,https://dou.img.lithub.cc/movie/1765009.jpg,2006-01-20(美国),https://movie.douban.com/subject/1765009/,7.8,"剧情,喜剧",,,,2023-09-02 10:18:29,2006 / 美国 / 剧情 喜剧 / 肯尼·奥特加 / 扎克·埃夫隆 凡妮莎·哈金斯
1422925,小鬼当家4,,https://dou.img.lithub.cc/movie/1422925.jpg,2002-11-03(美国),https://movie.douban.com/subject/1422925/,6.8,"喜剧,家庭,犯罪",,,,2023-09-02 10:18:16,2002 / 美国 / 喜剧 家庭 犯罪 / 罗德·丹尼尔 / 弗伦奇·斯图尔特 艾瑞克·阿瓦利
1295340,小鬼当家3,,https://dou.img.lithub.cc/movie/1295340.jpg,1997-12-12,https://movie.douban.com/subject/1295340/,7.8,"喜剧,家庭,犯罪",,,,2023-09-02 10:18:15,1997 / 美国 / 喜剧 家庭 犯罪 / 拉加·高斯内尔 / 亚历克斯·D·林兹 奥莱克·克鲁帕
1293353,小鬼当家2,,https://dou.img.lithub.cc/movie/1293353.jpg,1992-11-20(美国),https://movie.douban.com/subject/1293353/,8.1,"喜剧,家庭,犯罪",,,,2023-09-02 10:18:11,1992 / 美国 / 喜剧 家庭 犯罪 / 克里斯·哥伦布 / 麦考利·卡尔金 乔·佩西
2336785,爱丽丝梦游仙境,,https://dou.img.lithub.cc/movie/2336785.jpg,2010-03-26(中国大陆),https://movie.douban.com/subject/2336785/,7.4,"奇幻,冒险",,,,2023-09-02 10:18:02,2010 / 美国 / 奇幻 冒险 / 蒂姆·波顿 / 米娅·华希科沃斯卡 约翰尼·德普
25958717,海蒂和爷爷,,https://dou.img.lithub.cc/movie/25958717.jpg,2019-05-16(中国大陆),https://movie.douban.com/subject/25958717/,9.3,"剧情,家庭,冒险",,,,2023-09-02 10:17:56,2015 / 德国 瑞士 / 剧情 家庭 冒险 / 阿兰·葛斯彭纳 / 阿努克·斯特芬 布鲁诺·冈茨
1299513,阿拉丁,,https://dou.img.lithub.cc/movie/1299513.jpg,1992-11-25(美国),https://movie.douban.com/subject/1299513/,8.3,"喜剧,动画,冒险",,,,2023-09-02 10:17:54,1992 / 美国 / 喜剧 动画 冒险 / 罗恩·克莱蒙兹 约翰·马斯克 / 斯科特·维内尔 罗宾·威廉姆斯
1293088,小鬼当家,,https://dou.img.lithub.cc/movie/1293088.jpg,1990-11-16,https://movie.douban.com/subject/1293088/,8.4,"喜剧,家庭,犯罪",,,,2023-09-02 10:17:35,1990 / 美国 / 喜剧 家庭 犯罪 / 克里斯·哥伦布 / 麦考利·卡尔金 乔·佩西
1297447,倩女幽魂,,https://dou.img.lithub.cc/movie/1297447.jpg,2011-04-30(中国大陆),https://movie.douban.com/subject/1297447/,8.8,"爱情,奇幻,武侠",,,,2023-09-02 10:17:32,1987 / 中国香港 / 爱情 奇幻 武侠 古装 / 程小东 / 张国荣 王祖贤
1292757,木偶奇遇记,,https://dou.img.lithub.cc/movie/1292757.jpg,1940-02-07,https://movie.douban.com/subject/1292757/,8.4,"剧情,动画,音乐",,,,2023-09-02 10:17:29,1940 / 美国 / 剧情 动画 音乐 奇幻 / 诺曼·弗格森 T. Hee 威尔弗雷德·杰克逊 杰克·金尼 汉密尔顿·卢斯科 比尔·罗伯茨 宾·沙普斯坦 / Mel Blanc Frankie Darro
1304374,百万英镑,,https://dou.img.lithub.cc/movie/1304374.jpg,1954-01-07(英国),https://movie.douban.com/subject/1304374/,8.3,"喜剧,爱情",,,,2023-09-02 10:17:22,1954 / 英国 / 喜剧 爱情 / 罗纳德·尼姆 / 格利高里·派克 罗纳德·斯夸尔
2139553,鼠来宝,,https://dou.img.lithub.cc/movie/2139553.jpg,2007-12-14(美国),https://movie.douban.com/subject/2139553/,7.6,"剧情,喜剧,音乐",,,,2023-09-02 10:17:14,2007 / 美国 / 剧情 喜剧 音乐 家庭 奇幻 / 蒂姆·希尔 / 杰森·李 大卫·克罗斯
6791750,起风了,,https://dou.img.lithub.cc/movie/6791750.jpg,2013-07-20(日本),https://movie.douban.com/subject/6791750/,8.2,"剧情,爱情,动画",,,,2023-09-02 10:16:50,2013 / 日本 / 剧情 爱情 动画 / 宫崎骏 / 庵野秀明 泷本美织
1297756,白雪公主和七个小矮人,,https://dou.img.lithub.cc/movie/1297756.jpg,1937-12-21,https://movie.douban.com/subject/1297756/,8.4,"爱情,动画,歌舞",,,,2023-09-02 10:16:26,1937 / 美国 / 爱情 动画 歌舞 奇幻 / 威廉·科特雷尔 戴维·汉德 威尔弗雷德·杰克逊 拉里·莫里 佩斯·皮尔斯 宾·沙普斯坦 / 阿德里亚娜·卡塞洛蒂 哈利·斯托克维尔
2129044,梅与小猫巴士,,https://dou.img.lithub.cc/movie/2129044.jpg,2002(日本),https://movie.douban.com/subject/2129044/,9.1,"动画,短片",,,,2023-09-02 10:16:22,2002 / 日本 / 动画 短片 / 宫崎骏 / 坂本千夏
1291575,玩具总动员,,https://dou.img.lithub.cc/movie/1291575.jpg,1995-11-22(美国),https://movie.douban.com/subject/1291575/,8.6,"喜剧,动画,家庭",,,,2023-09-02 10:16:08,1995 / 美国 / 喜剧 动画 家庭 / 约翰·拉塞特 / 汤姆·汉克斯 蒂姆·艾伦
2043546,秒速5厘米,,https://dou.img.lithub.cc/movie/2043546.jpg,2007-03-03(日本),https://movie.douban.com/subject/2043546/,8.3,"剧情,爱情,动画",,,,2023-09-02 10:16:07,2007 / 日本 / 剧情 爱情 动画 / 新海诚 / 水桥研二 近藤好美
1307547,星际宝贝,,https://dou.img.lithub.cc/movie/1307547.jpg,2002-06-16(首映),https://movie.douban.com/subject/1307547/,8.5,"喜剧,科幻,动画",,,,2023-09-02 10:16:03,2002 / 美国 / 喜剧 科幻 动画 家庭 冒险 / 克里斯·桑德斯 迪恩·德布洛斯 / 黛维·切斯 克里斯·桑德斯
1293120,小美人鱼,,https://dou.img.lithub.cc/movie/1293120.jpg,2013-09-19(中国香港),https://movie.douban.com/subject/1293120/,8.4,"爱情,动画,歌舞",,,,2023-09-02 10:16:01,1989 / 美国 / 爱情 动画 歌舞 奇幻 / 罗恩·克莱蒙兹 约翰·马斯克 / 勒内·奥贝尔若努瓦 克里斯托弗·丹尼尔·巴恩斯
1307315,哪吒闹海,,https://dou.img.lithub.cc/movie/1307315.jpg,1979-05-19(中国大陆),https://movie.douban.com/subject/1307315/,9.2,"动画,奇幻,冒险",,,,2023-09-02 10:15:58,1979 / 中国大陆 / 动画 奇幻 冒险 / 王树忱 严定宪 徐景达 / 梁正晖 邱岳峰
1309101,查理和巧克力工厂,,https://dou.img.lithub.cc/movie/1309101.jpg,2005-07-15(美国),https://movie.douban.com/subject/1309101/,8.3,"喜剧,奇幻,冒险",,,,2023-09-02 10:15:47,2005 / 美国 英国 澳大利亚 / 喜剧 奇幻 冒险 / 蒂姆·波顿 / 约翰尼·德普 弗莱迪·海默
1858711,玩具总动员3,,https://dou.img.lithub.cc/movie/1858711.jpg,2010-06-16(中国大陆),https://movie.douban.com/subject/1858711/,8.9,"喜剧,动画,奇幻",,,,2023-09-02 10:15:43,2010 / 美国 / 喜剧 动画 奇幻 冒险 / 李·昂克里奇 / 汤姆·汉克斯 蒂姆·艾伦
2156775,西游记,,https://dou.img.lithub.cc/movie/2156775.jpg,1999-07-23(中国大陆),https://movie.douban.com/subject/2156775/,9.3,"动画,奇幻,古装",,,,2023-09-02 10:15:41,1999 / 中国大陆 / 动画 奇幻 古装 / 方润南 潘积耀 周凤英 / 沈晓谦 张涵予
2133323,白日梦想家,,https://dou.img.lithub.cc/movie/2133323.jpg,2013-12-25(美国),https://movie.douban.com/subject/2133323/,8.6,"剧情,喜剧,冒险",,,,2023-09-02 10:15:35,2013 / 美国 英国 / 剧情 喜剧 冒险 / 本·斯蒂勒 / 本·斯蒂勒 克里斯汀·韦格
1293839,罗马假日,,https://dou.img.lithub.cc/movie/1293839.jpg,1953-08-20(威尼斯电影节),https://movie.douban.com/subject/1293839/,9.1,"剧情,喜剧,爱情",,,,2023-09-02 10:15:27,1953 / 美国 / 剧情 喜剧 爱情 / 威廉·惠勒 / 奥黛丽·赫本 格利高里·派克
1307811,魔女宅急便,,https://dou.img.lithub.cc/movie/1307811.jpg,1989-07-29(日本),https://movie.douban.com/subject/1307811/,8.7,"动画,奇幻,冒险",,,,2023-09-02 10:15:23,1989 / 日本 / 动画 奇幻 冒险 / 宫崎骏 / 高山南 佐久间玲
1306249,唐伯虎点秋香,,https://dou.img.lithub.cc/movie/1306249.jpg,1993-07-01(中国香港),https://movie.douban.com/subject/1306249/,8.7,"喜剧,爱情,古装",,,,2023-09-02 10:15:13,1993 / 中国香港 / 喜剧 爱情 古装 / 李力持 / 周星驰 巩俐
1293318,萤火虫之墓,,https://dou.img.lithub.cc/movie/1293318.jpg,1988-04-16(日本),https://movie.douban.com/subject/1293318/,8.7,"剧情,动画,战争",,,,2023-09-02 10:15:08,1988 / 日本 / 剧情 动画 战争 / 高畑勋 / 辰己努 白石绫乃
1433990,风雨哈佛路,,https://dou.img.lithub.cc/movie/1433990.jpg,2003-04-07(美国),https://movie.douban.com/subject/1433990/,8.1,"剧情,传记",,,,2023-09-02 10:15:04,2003 / 美国 / 剧情 传记 / 彼得·勒文 / 索拉·伯奇 Makyla Smith
10577869,时空恋旅人,,https://dou.img.lithub.cc/movie/10577869.jpg,2013-09-04(英国),https://movie.douban.com/subject/10577869/,8.8,"喜剧,爱情,奇幻",,,,2023-09-02 10:15:03,2013 / 英国 / 喜剧 爱情 奇幻 / 理查德·柯蒂斯 / 多姆纳尔·格里森 瑞秋·麦克亚当斯
4848115,你看起来好像很好吃,,https://dou.img.lithub.cc/movie/4848115.jpg,2010-10-16(日本),https://movie.douban.com/subject/4848115/,8.9,"剧情,动画,儿童",,,,2023-09-02 10:14:50,2010 / 日本 / 剧情 动画 儿童 / 藤森雅也 / 山口胜平 爱河里花子
2051007,哈利·波特与死亡圣器(上),,https://dou.img.lithub.cc/movie/2051007.jpg,2010-11-19(中国大陆),https://movie.douban.com/subject/2051007/,8.5,"奇幻,冒险",,,,2023-09-02 10:14:33,2010 / 英国 美国 / 奇幻 冒险 / 大卫·叶茨 / 丹尼尔·雷德克里夫 艾玛·沃森
1433330,哈利·波特与混血王子,,https://dou.img.lithub.cc/movie/1433330.jpg,2009-07-15(中国大陆),https://movie.douban.com/subject/1433330/,8.3,"奇幻,冒险",,,,2023-09-02 10:14:31,2009 / 英国 美国 / 奇幻 冒险 / 大卫·叶茨 / 丹尼尔·雷德克里夫 艾玛·沃森
1309055,哈利·波特与火焰杯,,https://dou.img.lithub.cc/movie/1309055.jpg,2005-11-18(中国大陆),https://movie.douban.com/subject/1309055/,8.8,"悬疑,奇幻,冒险",,,,2023-09-02 10:14:30,2005 / 英国 美国 / 悬疑 奇幻 冒险 / 迈克·内威尔 / 丹尼尔·雷德克里夫 艾玛·沃森
1457217,哈利·波特与凤凰社,,https://dou.img.lithub.cc/movie/1457217.jpg,2007-08-10(中国大陆),https://movie.douban.com/subject/1457217/,8.5,"奇幻,冒险",,,,2023-09-02 10:14:30,2007 / 英国 美国 / 奇幻 冒险 / 大卫·叶茨 / 丹尼尔·雷德克里夫 艾玛·沃森
1291544,哈利·波特与阿兹卡班的囚徒,,https://dou.img.lithub.cc/movie/1291544.jpg,2004-09-10(中国大陆),https://movie.douban.com/subject/1291544/,8.9,"奇幻,冒险",,,,2023-09-02 10:14:29,2004 / 英国 美国 / 奇幻 冒险 / 阿方索·卡隆 / 丹尼尔·雷德克里夫 艾玛·沃森
1296996,哈利·波特与密室,,https://dou.img.lithub.cc/movie/1296996.jpg,2003-01-24(中国大陆),https://movie.douban.com/subject/1296996/,8.9,"奇幻,冒险",,,,2023-09-02 10:14:28,2002 / 英国 美国 / 奇幻 冒险 / 克里斯·哥伦布 / 丹尼尔·雷德克里夫 艾玛·沃森
3011235,哈利·波特与死亡圣器(下),,https://dou.img.lithub.cc/movie/3011235.jpg,2011-08-04(中国大陆),https://movie.douban.com/subject/3011235/,9,"奇幻,冒险",,,,2023-09-02 10:14:22,2011 / 美国 英国 / 奇幻 冒险 / 大卫·叶茨 / 丹尼尔·雷德克里夫 艾玛·沃森
1295038,哈利·波特与魔法石,,https://dou.img.lithub.cc/movie/1295038.jpg,2002-01-26(中国大陆),https://movie.douban.com/subject/1295038/,9.2,"奇幻,冒险",,,,2023-09-02 10:14:17,2001 / 美国 英国 / 奇幻 冒险 / 克里斯·哥伦布 / 丹尼尔·雷德克里夫 艾玛·沃森
1308807,哈尔的移动城堡,,https://dou.img.lithub.cc/movie/1308807.jpg,2004-09-05(威尼斯电影节),https://movie.douban.com/subject/1308807/,9.1,"动画,奇幻,冒险",,,,2023-09-02 10:14:16,2004 / 日本 / 动画 奇幻 冒险 / 宫崎骏 / 倍赏千惠子 木村拓哉
4798888,叫我第一名,,https://dou.img.lithub.cc/movie/4798888.jpg,2008-12-07(美国),https://movie.douban.com/subject/4798888/,8.7,"剧情,传记",,,,2023-09-02 10:14:09,2008 / 美国 / 剧情 传记 / 彼得·维纳 / 詹姆斯·沃克 特里特·威廉斯
3882715,武林外传,,https://dou.img.lithub.cc/movie/3882715.jpg,2006-01-02(中国大陆),https://movie.douban.com/subject/3882715/,9.6,"喜剧,武侠,古装",,,,2023-09-02 10:13:57,2006 / 中国大陆 / 喜剧 武侠 古装 / 尚敬 / 闫妮 姚晨
1291583,天空之城,,https://dou.img.lithub.cc/movie/1291583.jpg,1992-05-01(中国大陆),https://movie.douban.com/subject/1291583/,9.2,"动画,奇幻,冒险",,,,2023-09-02 10:13:56,1986 / 日本 / 动画 奇幻 冒险 / 宫崎骏 / 田中真弓 横泽启子
1291560,龙猫,,https://dou.img.lithub.cc/movie/1291560.jpg,2018-12-14(中国大陆),https://movie.douban.com/subject/1291560/,9.2,"动画,奇幻,冒险",,,,2023-09-02 10:13:45,1988 / 日本 / 动画 奇幻 冒险 / 宫崎骏 / 日高范子 坂本千夏
1291579,怪兽电力公司,,https://dou.img.lithub.cc/movie/1291579.jpg,2001-11-02(美国),https://movie.douban.com/subject/1291579/,8.8,"喜剧,动画,儿童",,,,2023-09-02 10:13:42,2001 / 美国 / 喜剧 动画 儿童 奇幻 冒险 / 彼特·道格特 大卫·西尔弗曼 李·昂克里奇 / 约翰·古德曼 比利·克里斯托
2209573,贫民窟的百万富翁,,https://dou.img.lithub.cc/movie/2209573.jpg,2009-03-26(中国大陆),https://movie.douban.com/subject/2209573/,8.6,"剧情,爱情",,,,2023-09-02 10:13:38,2008 / 英国 / 剧情 爱情 / 丹尼·博伊尔 洛芙琳·坦丹 / 戴夫·帕特尔 沙鲁巴·舒克拉
1292370,剪刀手爱德华,,https://dou.img.lithub.cc/movie/1292370.jpg,1990-12-06(美国),https://movie.douban.com/subject/1292370/,8.7,"剧情,爱情,奇幻",,,,2023-09-02 10:13:34,1990 / 美国 / 剧情 爱情 奇幻 / 蒂姆·波顿 / 约翰尼·德普 薇诺娜·瑞德
11026735,超能陆战队,,https://dou.img.lithub.cc/movie/11026735.jpg,2015-02-28(中国大陆),https://movie.douban.com/subject/11026735/,8.7,"喜剧,动作,科幻",,,,2023-09-02 10:13:29,2014 / 美国 / 喜剧 动作 科幻 动画 冒险 / 唐·霍尔 克里斯·威廉姆斯 / 斯科特·安第斯 瑞恩·波特
1291548,死亡诗社,,https://dou.img.lithub.cc/movie/1291548.jpg,1989-06-02(多伦多首映),https://movie.douban.com/subject/1291548/,9.2,剧情,,,,2023-09-02 10:13:24,1989 / 美国 / 剧情 / 彼得·威尔 / 罗宾·威廉姆斯 罗伯特·肖恩·莱纳德
1485260,本杰明·巴顿奇事,,https://dou.img.lithub.cc/movie/1485260.jpg,2008-12-25(美国),https://movie.douban.com/subject/1485260/,9,"剧情,爱情,奇幻",,,,2023-09-02 10:13:21,2008 / 美国 / 剧情 爱情 奇幻 / 大卫·芬奇 / 凯特·布兰切特 布拉德·皮特
2353023,驯龙高手,,https://dou.img.lithub.cc/movie/2353023.jpg,2010-05-14(中国大陆),https://movie.douban.com/subject/2353023/,8.8,"动画,奇幻,冒险",,,,2023-09-02 10:13:13,2010 / 美国 / 动画 奇幻 冒险 / 迪恩·德布洛斯 克里斯·桑德斯 / 杰伊·巴鲁切尔 杰拉德·巴特勒
1907966,疯狂原始人,,https://dou.img.lithub.cc/movie/1907966.jpg,2013-04-20(中国大陆),https://movie.douban.com/subject/1907966/,8.7,"喜剧,动画,冒险",,,,2023-09-02 10:13:11,2013 / 美国 / 喜剧 动画 冒险 / 柯克·德·米科 克里斯·桑德斯 / 尼古拉斯·凯奇 艾玛·斯通
3287562,神偷奶爸,,https://dou.img.lithub.cc/movie/3287562.jpg,2010-06-20(莫斯科电影节),https://movie.douban.com/subject/3287562/,8.7,"喜剧,动画,冒险",,,,2023-09-02 10:13:08,2010 / 美国 法国 / 喜剧 动画 冒险 / 皮埃尔·柯芬 克里斯·雷纳德 / 史蒂夫·卡瑞尔 杰森·席格尔
3008247,穿条纹睡衣的男孩,,https://dou.img.lithub.cc/movie/3008247.jpg,2008-08-28(卡内基电影节),https://movie.douban.com/subject/3008247/,9.2,"剧情,战争",,,,2023-09-02 10:12:59,2008 / 英国 美国 / 剧情 战争 / 马克·赫尔曼 / 阿萨·巴特菲尔德 维拉·法米加
1305487,猫鼠游戏,,https://dou.img.lithub.cc/movie/1305487.jpg,2003-04-11(中国大陆),https://movie.douban.com/subject/1305487/,9.1,"剧情,传记,犯罪",,,,2023-09-02 10:12:55,2002 / 美国 加拿大 / 剧情 传记 犯罪 / 史蒂文·斯皮尔伯格 / 莱昂纳多·迪卡普里奥 汤姆·汉克斯
1299398,大话西游之月光宝盒,,https://dou.img.lithub.cc/movie/1299398.jpg,2014-10-24(中国大陆),https://movie.douban.com/subject/1299398/,9,"喜剧,爱情,奇幻",,,,2023-09-02 10:12:52,1995 / 中国香港 中国大陆 / 喜剧 爱情 奇幻 古装 / 刘镇伟 / 周星驰 吴孟达
2131459,机器人总动员,,https://dou.img.lithub.cc/movie/2131459.jpg,2008-06-27(美国),https://movie.douban.com/subject/2131459/,9.3,"科幻,动画,冒险",,,,2023-09-02 10:12:45,2008 / 美国 / 科幻 动画 冒险 / 安德鲁·斯坦顿 / 本·贝尔特 艾丽莎·奈特
2129039,飞屋环游记,,https://dou.img.lithub.cc/movie/2129039.jpg,2009-08-04(中国大陆),https://movie.douban.com/subject/2129039/,9.1,"剧情,喜剧,动画",,,,2023-09-02 10:12:44,2009 / 美国 / 剧情 喜剧 动画 冒险 / 彼特·道格特 鲍勃·彼德森 / 爱德华·阿斯纳 克里斯托弗·普卢默
1959195,忠犬八公物语,,https://dou.img.lithub.cc/movie/1959195.jpg,1987-08-01(日本),https://movie.douban.com/subject/1959195/,9.2,剧情,,,,2023-09-02 10:12:36,1987 / 日本 / 剧情 / 神山征二郎 / 仲代达矢 八千草薰
1291549,放牛班的春天,,https://dou.img.lithub.cc/movie/1291549.jpg,2004-10-16(中国大陆),https://movie.douban.com/subject/1291549/,9.3,"剧情,音乐",,,,2023-09-02 10:12:35,2004 / 法国 瑞士 德国 / 剧情 音乐 / 克里斯托夫·巴哈蒂 / 让-巴蒂斯特·莫尼耶 热拉尔·朱尼奥
27010768,寄生虫,,https://dou.img.lithub.cc/movie/27010768.jpg,2019-05-21(戛纳电影节),https://movie.douban.com/subject/27010768/,8.8,剧情,,,,2023-09-02 10:12:28,2019 / 韩国 / 剧情 / 奉俊昊 / 宋康昊 李善均
3011091,忠犬八公的故事,,https://dou.img.lithub.cc/movie/3011091.jpg,2009-06-13(西雅图电影节),https://movie.douban.com/subject/3011091/,9.4,剧情,,,,2023-09-02 10:12:27,2009 / 美国 英国 / 剧情 / 拉斯·霍尔斯道姆 / 理查·基尔 莎拉·罗默尔
34841067,你好，李焕英,,https://dou.img.lithub.cc/movie/34841067.jpg,2021-02-12(中国大陆),https://movie.douban.com/subject/34841067/,7.7,"剧情,喜剧,奇幻",,,,2023-09-02 10:12:24,2021 / 中国大陆 / 剧情 喜剧 奇幻 / 贾玲 / 贾玲 张小斐
26683290,你的名字。,,https://dou.img.lithub.cc/movie/26683290.jpg,2016-12-02(中国大陆),https://movie.douban.com/subject/26683290/,8.5,"剧情,爱情,动画",,,,2023-09-02 10:12:22,2016 / 日本 / 剧情 爱情 动画 / 新海诚 / 神木隆之介 上白石萌音
1652587,阿凡达,,https://dou.img.lithub.cc/movie/1652587.jpg,2010-01-04(中国大陆),https://movie.douban.com/subject/1652587/,8.8,"动作,科幻,冒险",,,,2023-09-02 10:12:20,2009 / 美国 / 动作 科幻 冒险 / 詹姆斯·卡梅隆 / 萨姆·沃辛顿 佐伊·索尔达娜
3742360,让子弹飞,,https://dou.img.lithub.cc/movie/3742360.jpg,2010-12-16(中国大陆),https://movie.douban.com/subject/3742360/,9,"剧情,喜剧,动作",,,,2023-09-02 10:11:50,2010 / 中国大陆 中国香港 / 剧情 喜剧 动作 西部 / 姜文 / 姜文 葛优
1292064,楚门的世界,,https://dou.img.lithub.cc/movie/1292064.jpg,1998-06-05(美国),https://movie.douban.com/subject/1292064/,9.4,"剧情,科幻",,,,2023-09-02 10:11:48,1998 / 美国 / 剧情 科幻 / 彼得·威尔 / 金·凯瑞 劳拉·琳妮
26794435,哪吒之魔童降世,,https://dou.img.lithub.cc/movie/26794435.jpg,2019-07-26(中国大陆),https://movie.douban.com/subject/26794435/,8.4,"剧情,喜剧,动画",,,,2023-09-02 10:11:47,2019 / 中国大陆 / 剧情 喜剧 动画 奇幻 / 饺子 / 吕艳婷 囧森瑟夫
3319755,怦然心动,,https://dou.img.lithub.cc/movie/3319755.jpg,2010-07-26(好莱坞首映),https://movie.douban.com/subject/3319755/,9.1,"剧情,喜剧,爱情",,,,2023-09-02 10:11:45,2010 / 美国 / 剧情 喜剧 爱情 / 罗伯·莱纳 / 玛德琳·卡罗尔 卡兰·麦克奥利菲
3793023,三傻大闹宝莱坞,,https://dou.img.lithub.cc/movie/3793023.jpg,2011-12-08(中国大陆),https://movie.douban.com/subject/3793023/,9.2,"剧情,喜剧,爱情",,,,2023-09-02 10:11:42,2009 / 印度 / 剧情 喜剧 爱情 歌舞 / 拉吉库马尔·希拉尼 / 阿米尔·汗 卡琳娜·卡普尔
2210236,济公,,https://dou.img.lithub.cc/movie/2210236.jpg,,https://movie.douban.com/subject/2210236/,8.6,"喜剧,奇幻,古装",,,,2023-09-02 10:11:36,1985 / 中国大陆 / 喜剧 奇幻 古装 / 张戈 / 游本昌 吕凉
1292052,肖申克的救赎,,https://dou.img.lithub.cc/movie/1292052.jpg,1994-09-10(多伦多电影节),https://movie.douban.com/subject/1292052/,9.7,"剧情,犯罪",,,,2023-09-02 10:11:35,1994 / 美国 / 剧情 犯罪 / 弗兰克·德拉邦特 / 蒂姆·罗宾斯 摩根·弗里曼
2156663,西游记,,https://dou.img.lithub.cc/movie/2156663.jpg,1986-02(中国大陆),https://movie.douban.com/subject/2156663/,9.7,"剧情,动作,奇幻",,,,2023-09-02 10:11:31,1986 / 中国大陆 / 剧情 动作 奇幻 冒险 古装 / 杨洁 / 六小龄童 迟重瑞
3541415,盗梦空间,,https://dou.img.lithub.cc/movie/3541415.jpg,2010-09-01(中国大陆),https://movie.douban.com/subject/3541415/,9.4,"剧情,科幻,悬疑",,,,2023-09-02 10:11:31,2010 / 美国 英国 / 剧情 科幻 悬疑 冒险 / 克里斯托弗·诺兰 / 莱昂纳多·迪卡普里奥 约瑟夫·高登-莱维特
1291546,霸王别姬,,https://dou.img.lithub.cc/movie/1291546.jpg,1993-07-26(中国大陆),https://movie.douban.com/subject/1291546/,9.6,"剧情,爱情,同性",,,,2023-09-02 10:11:29,1993 / 中国大陆 中国香港 / 剧情 爱情 同性 / 陈凯歌 / 张国荣 张丰毅
1292720,阿甘正传,,https://dou.img.lithub.cc/movie/1292720.jpg,1994-06-23(洛杉矶首映),https://movie.douban.com/subject/1292720/,9.5,"剧情,爱情",,,,2023-09-02 10:11:27,1994 / 美国 / 剧情 爱情 / 罗伯特·泽米吉斯 / 汤姆·汉克斯 罗宾·怀特
1292722,泰坦尼克号,,https://dou.img.lithub.cc/movie/1292722.jpg,1998-04-03(中国大陆),https://movie.douban.com/subject/1292722/,9.5,"剧情,爱情,灾难",,,,2023-09-02 10:11:26,1997 / 美国 墨西哥 / 剧情 爱情 灾难 / 詹姆斯·卡梅隆 / 莱昂纳多·迪卡普里奥 凯特·温丝莱特
1291561,千与千寻,,https://dou.img.lithub.cc/movie/1291561.jpg,2019-06-21(中国大陆),https://movie.douban.com/subject/1291561/,9.4,"剧情,动画,奇幻",,,,2023-09-02 10:11:20,2001 / 日本 / 剧情 动画 奇幻 / 宫崎骏 / 柊瑠美 入野自由
34951267,拉布雷亚 第一季,,https://dou.img.lithub.cc/movie/34951267.jpg,2021-09-28(美国),https://movie.douban.com/subject/34951267/,6.4,"剧情,科幻,悬疑",4,拉布雷亚：突如其来的大坑带你回到史前时代，别人是穿越过去，男主则是穿越到未来。这个剧关于大坑的设定很有趣。,科幻,2023-09-02 10:10:53,2021 / 美国 / 剧情 科幻 悬疑 惊悚 奇幻 冒险 / 托尔·弗罗伊登塔尔 / 娜塔莉·齐尔 欧文·马肯
35613241,县委大院,,https://dou.img.lithub.cc/movie/35613241.jpg,2022-12-07(中国大陆),https://movie.douban.com/subject/35613241/,6.7,剧情,1,中国科幻大片,,2022-12-31 14:34:08,2022 / 中国大陆 / 剧情 / 孔笙 毛珺琳 王宏 / 胡歌 吴越